"CNPJ";"CODIGO_SERVICO";"CODIGO_UNIDADE";"DATA_VIGENCIA";"VALOR_MAXIMO";"CODIGO_TIPO_VALOR"
36321990;101;31;"2021-06-09";0.0;1
36321990;701;32;"2021-06-10";0.0;1
36321990;702;32;"2021-06-10";0.0;1
36321990;703;32;"2021-06-10";0.0;1
36321990;705;32;"2021-06-10";0.0;1
36321990;706;32;"2021-06-10";0.0;1
36321990;707;32;"2021-06-10";0.0;1
36321990;801;33;"2021-06-10";0.0;1
36321990;802;33;"2021-06-10";0.0;1
36321990;803;33;"1996-07-25";0.0;1
36321990;804;33;"2009-12-31";0.0;1
36321990;805;33;"2009-12-31";0.0;1
36321990;901;34;"1996-07-25";0.0;1
36321990;902;35;"1996-07-25";0.0;1
36321990;903;36;"1996-07-25";0.0;1
36321990;904;37;"1996-07-25";0.0;1
36321990;905;38;"1996-07-25";0.0;1
27214112;101;31;"2020-06-15";50000.0;1
27214112;102;31;"2020-06-15";50000.0;1
27214112;801;33;"2021-03-29";3.0;2
27214112;802;33;"2021-03-29";3.0;2
27214112;803;33;"2020-06-15";30000.0;1
27214112;804;33;"2020-06-15";300.0;1
27214112;901;34;"2017-11-24";50.0;1
3532415;101;31;"2013-09-27";0.0;1
3532415;102;31;"2013-09-27";0.0;1
3532415;103;39;"2013-09-27";0.0;1
3532415;502;33;"2013-09-26";0.0;1
3532415;503;33;"2013-09-26";0.0;1
3532415;506;33;"2013-09-26";0.0;1
3532415;801;33;"2013-09-26";0.0;1
3532415;802;33;"2013-09-27";0.0;1
3532415;803;33;"2013-09-26";0.0;1
3532415;805;33;"2013-09-26";0.0;1
3532415;1001;33;"2017-03-28";500.0;1
54403563;101;31;"1996-10-01";30.0;1
54403563;102;31;"2004-01-20";30.0;1
54403563;103;39;"1996-07-25";0.0;1
54403563;301;40;"1996-07-25";0.0;1
54403563;302;40;"2003-04-23";20.0;1
54403563;303;41;"1996-10-01";11.0;1
54403563;304;41;"2003-04-23";10.0;1
54403563;305;41;"1996-10-01";6.0;1
54403563;306;41;"1996-10-01";5.0;1
54403563;308;41;"1996-07-25";0.0;1
54403563;309;41;"1996-07-25";0.0;1
54403563;310;41;"2009-11-24";0.0;1
54403563;312;41;"2004-04-20";0.11;2
54403563;313;41;"2004-04-20";0.11;2
54403563;401;42;"1996-07-25";0.0;1
54403563;402;42;"2004-04-20";20.0;1
54403563;403;42;"1996-10-01";15.0;1
54403563;405;42;"2004-04-20";10.0;2
54403563;406;42;"2009-11-24";0.0;1
54403563;407;33;"1996-07-25";0.0;1
54403563;502;33;"1996-10-01";10.0;1
54403563;503;33;"2003-04-23";10.0;1
54403563;504;33;"1996-07-25";0.0;1
54403563;506;33;"2003-04-23";10.0;1
54403563;602;43;"1996-07-25";0.0;1
54403563;603;43;"1996-07-25";0.0;1
54403563;701;32;"2003-04-23";6.0;1
54403563;702;32;"2003-04-23";6.0;1
54403563;703;32;"2003-04-23";6.0;1
54403563;704;32;"2009-11-24";0.0;1
54403563;705;32;"2003-04-23";6.0;1
54403563;706;32;"2003-04-23";6.0;1
54403563;707;32;"2003-04-23";6.0;1
54403563;801;33;"2008-05-30";4000.0;1
54403563;802;33;"2008-04-30";200.0;1
54403563;803;33;"2003-04-23";200.0;1
54403563;804;33;"2004-04-20";2.0;1
54403563;805;33;"2007-07-10";4000.0;1
54403563;901;34;"1996-10-01";2.2;1
54403563;902;35;"2004-01-20";30.0;1
54403563;903;36;"2004-01-20";30.0;1
54403563;904;37;"1996-07-25";0.0;1
2992446;101;31;"2017-11-20";1400.0;1
2992446;102;31;"2012-06-29";0.0;1
2992446;701;32;"2002-03-31";0.0;1
2992446;702;32;"2002-03-31";0.0;1
2992446;703;32;"2002-03-31";0.0;1
2992446;704;32;"2012-06-29";0.0;1
2992446;705;32;"2002-03-31";0.0;1
2992446;706;32;"2012-06-29";0.0;1
2992446;707;32;"2002-03-31";0.0;1
2992446;801;33;"2008-04-30";0.0;1
2992446;802;33;"2008-04-30";0.0;1
2992446;803;33;"2012-06-29";800.0;1
2992446;804;33;"2012-06-29";0.0;1
2992446;805;33;"2008-04-30";0.0;1
2992446;901;34;"2012-06-29";200.0;1
2992446;902;35;"2002-03-31";0.0;1
2992446;903;36;"2002-03-31";0.0;1
2992446;904;37;"2008-04-30";0.0;1
2992446;905;38;"2002-03-31";0.0;1
2992446;906;38;"2002-03-31";0.0;1
8357240;0;0;"";0.0;2
4902979;101;31;"2019-03-28";80.0;1
4902979;102;31;"2010-01-25";50.0;1
4902979;103;39;"2010-01-25";20.0;1
4902979;201;44;"2019-04-18";13.0;1
4902979;203;44;"2019-04-18";13.0;1
4902979;301;40;"2019-03-28";17.0;1
4902979;302;40;"2019-03-28";34.0;1
4902979;303;41;"2008-04-30";50.0;1
4902979;304;41;"2002-12-01";5.0;1
4902979;305;41;"2019-03-28";60.0;1
4902979;306;41;"2019-03-28";15.0;1
4902979;308;41;"2005-01-23";0.0;1
4902979;309;41;"2015-07-10";55.0;1
4902979;310;41;"1996-07-25";0.0;1
4902979;311;41;"2010-04-01";12.0;1
4902979;312;41;"2007-08-10";0.11;2
4902979;313;41;"2007-08-10";0.11;2
4902979;314;41;"2007-08-10";0.11;2
4902979;401;42;"1996-07-25";0.0;1
4902979;402;42;"2019-03-28";45.0;1
4902979;403;42;"2016-05-19";25.0;1
4902979;404;33;"2019-04-06";60.0;1
4902979;405;42;"2007-08-10";100.0;1
4902979;406;42;"2007-08-10";100.0;1
4902979;407;33;"2010-04-01";3.5;1
4902979;408;42;"2005-01-23";0.0;1
4902979;409;42;"2005-01-23";0.0;1
4902979;501;45;"2017-06-30";3.0;1
4902979;502;33;"2019-03-28";18.0;1
4902979;503;33;"2019-03-28";18.0;1
4902979;505;33;"1996-07-25";0.0;1
4902979;506;33;"2019-03-28";19.0;1
4902979;601;43;"2015-07-10";3.0;1
4902979;602;43;"2019-03-28";3.0;1
4902979;603;43;"2000-11-01";10.0;1
4902979;701;32;"2013-09-16";10.0;1
4902979;702;32;"2019-03-28";5.5;1
4902979;703;32;"2015-07-10";6.0;1
4902979;704;32;"2017-06-30";5.9;1
4902979;705;32;"2017-06-30";9.0;1
4902979;706;32;"2018-09-22";9.0;1
4902979;707;32;"2015-07-10";6.5;1
4902979;801;33;"2003-06-02";2.0;2
4902979;802;33;"2007-11-18";1.0;2
4902979;803;33;"2007-11-18";1.0;2
4902979;804;33;"2015-07-10";0.6;1
4902979;805;33;"2005-05-14";0.0;1
4902979;901;34;"2016-06-06";6.0;1
4902979;902;35;"2002-05-02";8.0;1
4902979;903;36;"2002-05-02";8.0;1
4902979;904;37;"1996-07-25";0.0;1
4902979;905;38;"2005-01-23";3.0;1
4902979;906;38;"1997-12-01";2.0;1
4902979;1001;33;"2017-11-16";270.0;1
4902979;1003;33;"2009-12-28";0.0;1
4902979;1004;33;"2010-01-25";100.0;1
4902979;1005;33;"2018-09-23";90.0;1
4902979;1006;33;"2017-11-16";270.0;1
4902979;1007;33;"2007-11-18";100.0;1
4902979;1009;33;"2018-09-23";90.0;1
4902979;1010;33;"2007-11-18";100.0;1
4902979;1012;33;"2009-12-28";0.0;1
4902979;1016;33;"2010-01-25";100.0;1
4902979;1018;33;"2009-12-28";0.0;1
10690848;101;31;"2009-11-03";50.0;1
10690848;102;31;"2011-10-04";50.0;1
10690848;103;39;"2009-07-16";25.0;1
10690848;303;41;"2011-04-02";30.0;1
10690848;312;41;"2009-11-03";25.0;1
10690848;401;42;"2009-11-03";50.0;1
10690848;402;42;"2019-04-02";120.0;1
10690848;403;42;"2019-04-02";120.0;1
10690848;404;33;"2011-04-02";20.0;1
10690848;405;42;"2011-04-02";500.0;1
10690848;406;42;"2011-04-02";500.0;1
10690848;407;33;"2011-04-02";25.0;1
10690848;502;33;"2009-07-16";15.0;1
10690848;503;33;"2009-07-16";15.0;1
10690848;504;33;"2009-11-03";30.0;1
10690848;506;33;"2017-06-02";15.0;1
10690848;602;43;"2013-04-02";2.5;1
10690848;603;43;"2009-11-03";6.0;1
10690848;701;32;"2009-11-03";500.0;1
10690848;702;32;"2011-04-02";5.0;1
10690848;703;32;"2011-04-02";5.0;1
10690848;704;32;"2009-11-03";5.0;1
10690848;705;32;"2009-11-03";6.0;1
10690848;706;32;"2009-11-03";6.0;1
10690848;707;32;"2009-11-03";5.0;1
10690848;801;33;"2018-10-02";1000.0;1
10690848;802;33;"2017-06-02";500.0;1
10690848;803;33;"2009-07-16";100.0;1
10690848;805;33;"2012-10-02";1000.0;1
10690848;901;34;"2013-04-02";15.0;1
10690848;902;35;"2009-07-16";0.0;1
10690848;903;36;"2009-11-03";0.0;1
10690848;904;37;"2013-04-02";300.0;1
10690848;905;38;"2017-06-02";20.0;1
10690848;906;38;"2017-06-02";20.0;1
10690848;1001;33;"2015-10-01";300.0;1
10690848;1004;33;"2009-07-17";0.0;1
10690848;1006;33;"2015-10-01";300.0;1
10690848;1010;33;"2015-10-01";300.0;1
10690848;1013;33;"2020-07-02";1500.0;1
10690848;1015;33;"2020-07-02";750.0;1
10690848;1016;33;"2015-10-01";300.0;1
10690848;1019;33;"2020-07-02";1500.0;1
5040481;101;31;"2011-07-18";1500.0;1
5040481;102;31;"2011-07-18";1500.0;1
5040481;103;39;"2008-06-01";0.0;1
5040481;704;32;"2009-04-05";50.0;1
5040481;705;32;"2008-06-01";0.0;1
5040481;706;32;"2008-06-01";0.0;1
5040481;707;32;"2008-06-01";0.0;1
5040481;801;33;"2018-12-12";3.0;2
5040481;802;33;"2011-07-18";800.0;1
5040481;803;33;"2015-01-02";3000.0;1
5040481;804;33;"2007-08-11";50.0;1
5040481;805;33;"2008-06-01";0.0;1
5040481;901;34;"2011-07-18";200.0;1
5040481;902;35;"2008-06-01";0.0;1
5040481;903;36;"2008-06-01";0.0;1
5040481;904;37;"2008-06-01";0.0;1
92874270;101;31;"2021-11-01";4000.0;1
92874270;102;31;"2021-11-01";350.0;1
92874270;103;39;"1996-07-25";0.0;1
92874270;206;44;"2017-09-10";650.0;1
92874270;207;44;"2021-11-01";20.0;1
92874270;210;44;"2017-09-10";650.0;1
92874270;211;44;"2021-11-01";20.0;1
92874270;303;41;"2008-04-30";10.0;1
92874270;304;41;"2008-04-30";10.0;1
92874270;305;41;"2017-08-26";10.0;1
92874270;306;41;"2017-08-26";11.0;1
92874270;309;41;"2017-08-26";50.0;1
92874270;312;41;"2009-11-27";0.0;1
92874270;313;41;"2009-11-27";0.0;1
92874270;314;41;"2009-11-27";0.0;1
92874270;401;42;"1996-07-25";0.0;1
92874270;402;42;"2019-11-07";178.13;1
92874270;403;42;"1996-07-25";0.0;1
92874270;404;33;"2009-11-27";0.0;1
92874270;405;42;"2021-11-01";0.0;1
92874270;406;42;"2021-11-01";0.0;1
92874270;407;33;"1996-07-25";0.0;1
92874270;502;33;"2021-11-01";15.0;1
92874270;503;33;"2021-11-01";15.0;1
92874270;504;33;"2021-11-01";30.0;1
92874270;506;33;"2021-11-01";15.0;1
92874270;602;43;"2020-01-29";0.0;1
92874270;701;32;"2021-11-01";150.0;1
92874270;703;32;"2019-08-01";4.9;1
92874270;704;32;"2021-11-01";10.0;1
92874270;705;32;"2021-11-01";15.0;1
92874270;706;32;"2021-11-01";15.0;1
92874270;707;32;"1996-07-25";0.0;1
92874270;801;33;"2021-11-01";750.0;1
92874270;802;33;"2021-11-01";750.0;1
92874270;803;33;"2021-11-01";750.0;1
92874270;805;33;"2008-04-30";2500.0;1
92874270;901;34;"2019-08-01";195.0;1
92874270;902;35;"1996-07-25";0.0;1
92874270;903;36;"1996-07-25";0.0;1
92874270;904;37;"1996-07-25";0.0;1
92874270;905;38;"2009-11-27";0.0;1
92874270;906;38;"2009-11-27";0.0;1
27098060;801;33;"2018-03-12";5000.0;1
13009717;101;31;"2018-09-01";45.0;1
13009717;102;31;"2018-09-01";45.0;1
13009717;103;39;"2020-09-01";0.0;1
13009717;201;44;"2022-03-01";10.0;1
13009717;203;44;"2018-09-01";9.0;1
13009717;205;44;"2022-03-01";10.0;1
13009717;209;44;"2022-03-01";10.0;1
13009717;301;40;"2018-09-01";25.0;1
13009717;302;40;"2018-09-01";50.0;1
13009717;303;41;"2018-03-01";30.0;1
13009717;304;41;"2017-09-01";3.85;1
13009717;305;41;"2019-03-01";58.0;1
13009717;306;41;"2017-09-14";15.0;1
13009717;309;41;"2017-09-14";60.0;1
13009717;311;41;"2011-08-15";1.2;1
13009717;312;41;"2018-09-01";30.0;1
13009717;313;41;"2002-12-30";0.05;2
13009717;314;41;"2002-12-30";0.05;2
13009717;401;42;"1996-07-25";0.0;1
13009717;402;42;"2022-03-01";45.0;1
13009717;403;42;"2015-08-10";20.0;1
13009717;404;33;"2020-09-01";100.0;1
13009717;405;42;"2010-02-14";400.0;1
13009717;406;42;"2015-08-10";250.0;1
13009717;407;33;"2018-09-01";5.0;1
13009717;501;45;"2018-09-01";8.0;1
13009717;502;33;"2020-03-01";20.0;1
13009717;503;33;"2020-03-01";20.0;1
13009717;504;33;"2020-09-01";35.0;1
13009717;505;33;"1996-07-25";0.0;1
13009717;506;33;"2022-03-01";20.0;1
13009717;601;43;"2018-09-01";6.0;1
13009717;602;43;"2020-03-01";6.0;1
13009717;603;43;"2020-03-01";9.5;1
13009717;701;32;"1997-01-22";4.0;1
13009717;702;32;"1997-01-22";4.0;1
13009717;703;32;"1997-01-22";2.5;1
13009717;704;32;"2019-03-01";6.0;1
13009717;705;32;"2016-08-15";12.0;1
13009717;706;32;"2022-03-01";10.0;1
13009717;801;33;"2016-08-15";2000.0;1
13009717;802;33;"2015-08-10";500.0;1
13009717;803;33;"2020-03-01";800.0;1
13009717;804;33;"2017-09-01";5.0;1
13009717;805;33;"2015-08-10";0.0;1
13009717;901;34;"2017-09-01";15.0;1
13009717;905;38;"2020-09-01";3.5;1
13009717;906;38;"2010-02-14";2.5;1
4913711;101;31;"2021-11-17";60.0;1
4913711;102;31;"2021-11-17";50.0;1
4913711;201;44;"2020-12-03";20.0;1
4913711;203;44;"2020-12-03";20.0;1
4913711;301;40;"2021-11-17";30.0;1
4913711;302;40;"2021-11-17";60.0;1
4913711;303;41;"2021-11-17";0.4;2
4913711;304;41;"2021-11-17";10.0;1
4913711;305;41;"2021-11-17";80.0;1
4913711;306;41;"2021-11-17";30.0;1
4913711;308;41;"2021-11-17";40.0;1
4913711;309;41;"2020-01-03";62.0;1
4913711;310;41;"2021-11-17";3.0;1
4913711;312;41;"2021-11-17";0.2;2
4913711;313;41;"2021-11-17";0.15;2
4913711;401;42;"2020-01-03";0.0;1
4913711;402;42;"2021-11-17";60.0;1
4913711;403;42;"2021-11-17";30.0;1
4913711;404;33;"2021-11-17";80.0;1
4913711;405;42;"2013-09-03";3.0;2
4913711;406;42;"2020-12-03";3.0;2
4913711;501;45;"2021-11-17";6.5;1
4913711;502;33;"2021-11-17";22.0;1
4913711;503;33;"2021-11-17";22.0;1
4913711;504;33;"2020-01-03";0.5;2
4913711;505;33;"1996-07-25";0.0;1
4913711;506;33;"2021-11-17";22.0;1
4913711;601;43;"2020-12-03";4.0;1
4913711;602;43;"2020-12-03";21.0;1
4913711;603;43;"2020-12-03";40.0;1
4913711;703;32;"2020-12-03";10.0;1
4913711;704;32;"2013-09-03";5.0;1
4913711;801;33;"2013-09-03";4.7;2
4913711;802;33;"2013-09-03";3.0;2
4913711;901;34;"2020-12-03";60.0;1
4913711;902;35;"2020-12-03";20.0;1
4913711;905;38;"2021-11-17";3.0;1
4913711;906;38;"2021-11-17";3.0;1
4913711;1001;33;"2019-01-03";150.0;1
4913711;1004;33;"2018-01-02";150.0;1
4913711;1005;33;"2016-05-19";100.0;1
4913711;1006;33;"2020-01-03";150.0;1
4913711;1009;33;"2016-05-19";100.0;1
4913711;1010;33;"2018-01-02";150.0;1
4913711;1013;33;"2020-12-03";700.0;1
4913711;1016;33;"2018-01-02";150.0;1
4913711;1019;33;"2020-01-03";320.0;1
7237373;101;31;"2021-04-01";200.0;1
7237373;102;31;"2021-04-01";200.0;1
7237373;103;39;"2018-03-01";30.0;1
7237373;201;44;"2019-07-08";13.0;1
7237373;202;44;"2019-07-08";13.0;1
7237373;203;44;"2019-07-08";13.0;1
7237373;301;40;"2019-07-08";18.0;1
7237373;302;40;"2019-07-08";36.0;1
7237373;303;41;"2019-07-08";50.0;1
7237373;304;41;"2019-07-08";4.0;1
7237373;305;41;"2021-09-06";72.0;1
7237373;306;41;"2019-07-08";15.0;1
7237373;308;41;"1996-07-25";0.0;1
7237373;309;41;"2019-07-08";61.82;1
7237373;310;41;"2021-04-01";2.6;1
7237373;311;41;"2019-07-08";1.8;1
7237373;312;41;"2019-07-08";0.12;2
7237373;313;41;"2019-07-08";0.12;2
7237373;314;41;"2019-07-08";0.12;2
7237373;401;42;"2004-05-17";0.0;1
7237373;402;42;"2019-07-08";53.0;1
7237373;403;42;"2019-07-08";23.0;1
7237373;404;33;"2019-07-08";62.0;1
7237373;405;42;"2019-07-08";2.5;2
7237373;406;42;"2019-07-08";2.5;2
7237373;407;33;"2008-06-20";5.0;1
7237373;501;45;"2021-04-01";2.55;1
7237373;502;33;"2021-04-01";21.0;1
7237373;503;33;"2021-04-01";21.0;1
7237373;504;33;"1998-01-15";0.0;1
7237373;505;33;"2021-04-01";2.0;1
7237373;506;33;"2019-07-08";21.0;1
7237373;601;43;"2019-07-08";3.5;1
7237373;602;43;"2019-07-08";10.0;1
7237373;603;43;"2019-07-08";10.0;1
7237373;701;32;"2018-11-05";8.3;1
7237373;702;32;"2018-11-05";5.1;1
7237373;703;32;"2018-11-05";4.8;1
7237373;704;32;"2015-12-07";5.4;1
7237373;705;32;"2017-08-21";10.0;1
7237373;706;32;"2015-12-07";6.0;1
7237373;707;32;"2018-11-05";5.3;1
7237373;801;33;"2014-11-14";3.0;2
7237373;802;33;"2018-03-01";1.0;2
7237373;803;33;"2004-05-17";0.5;2
7237373;804;33;"2017-01-02";0.6;1
7237373;805;33;"2005-03-31";0.0;1
7237373;901;34;"2019-07-08";10.0;1
7237373;902;35;"1997-01-24";7.0;1
7237373;903;36;"2019-07-08";10.0;1
7237373;904;37;"1996-07-25";0.0;1
7237373;905;38;"2012-12-03";5.0;1
7237373;906;38;"2018-11-05";4.0;1
7237373;1001;33;"2019-07-08";120.0;1
7237373;1003;33;"2021-09-06";210.0;1
7237373;1004;33;"2019-07-08";160.0;1
7237373;1006;33;"2019-07-08";120.0;1
7237373;1007;33;"2021-09-06";210.0;1
7237373;1008;33;"2004-10-08";300.0;1
7237373;1010;33;"2019-07-08";120.0;1
7237373;1012;33;"2021-09-06";210.0;1
7237373;1013;33;"2021-09-06";290.0;1
7237373;1014;33;"2021-09-06";125.0;1
7237373;1016;33;"2004-10-08";90.0;1
7237373;1018;33;"2021-09-06";210.0;1
7237373;1019;33;"2021-09-06";170.0;1
58616418;101;31;"2009-12-16";1000.0;1
58616418;102;31;"2019-01-01";2000.0;1
58616418;103;39;"2006-11-24";200.0;1
58616418;302;40;"2006-11-24";20.0;1
58616418;303;41;"2006-11-24";20.0;1
58616418;305;41;"2006-11-24";30.0;1
58616418;306;41;"2006-11-24";20.0;1
58616418;308;41;"2006-11-24";50.0;1
58616418;309;41;"2006-11-24";50.0;1
58616418;310;41;"2002-12-12";2.5;1
58616418;311;41;"2006-11-24";5.0;1
58616418;312;41;"2006-11-24";0.12;2
58616418;313;41;"2006-11-24";0.12;2
58616418;314;41;"2006-11-24";0.12;2
58616418;401;42;"2019-02-22";2000.0;1
58616418;402;42;"2019-01-01";1000.0;1
58616418;403;42;"2019-01-01";1000.0;1
58616418;404;33;"2002-12-12";20.0;1
58616418;405;42;"2016-05-10";5.0;2
58616418;406;42;"2016-05-10";5.0;2
58616418;407;33;"2006-11-24";3.0;1
58616418;502;33;"2019-01-01";100.0;1
58616418;503;33;"2019-01-01";100.0;1
58616418;504;33;"2006-11-24";15.0;1
58616418;506;33;"2019-01-01";100.0;1
58616418;601;43;"2019-04-16";100.0;1
58616418;602;43;"2019-04-16";100.0;1
58616418;603;43;"2005-05-10";10.0;1
58616418;701;32;"2019-01-01";20.0;1
58616418;702;32;"2019-01-01";20.0;1
58616418;703;32;"2019-01-01";20.0;1
58616418;704;32;"2019-01-01";50.0;1
58616418;705;32;"2019-01-01";50.0;1
58616418;706;32;"2019-01-01";50.0;1
58616418;707;32;"2018-04-03";50.0;1
58616418;801;33;"2016-02-05";5.0;2
58616418;802;33;"2006-11-24";500.0;1
58616418;803;33;"2006-11-24";500.0;1
58616418;804;33;"2005-05-10";1.5;1
58616418;805;33;"2006-11-24";0.6;2
58616418;901;34;"2006-11-24";50.0;1
58616418;902;35;"2006-11-24";300.0;1
58616418;903;36;"2006-11-24";300.0;1
58616418;904;37;"2006-11-24";300.0;1
58616418;1001;33;"2013-06-11";900.0;1
58616418;1002;33;"2013-06-11";500.0;1
58616418;1003;33;"2013-06-11";400.0;1
58616418;1004;33;"2013-06-11";900.0;1
58616418;1005;33;"2013-06-11";800.0;1
58616418;1006;33;"2013-06-11";900.0;1
58616418;1007;33;"2013-06-11";300.0;1
58616418;1008;33;"2013-06-11";900.0;1
58616418;1009;33;"2013-06-11";800.0;1
58616418;1010;33;"2013-06-11";900.0;1
58616418;1011;33;"2013-06-11";500.0;1
58616418;1012;33;"2013-06-11";400.0;1
58616418;1013;33;"2013-06-11";2000.0;1
58616418;1014;33;"2013-06-11";1800.0;1
58616418;1015;33;"2013-06-11";1500.0;1
58616418;1016;33;"2013-06-11";900.0;1
58616418;1017;33;"2013-06-11";900.0;1
58616418;1018;33;"2013-06-11";300.0;1
58616418;1019;33;"2005-05-10";1000.0;1
62237425;101;31;"2013-06-16";1500.0;1
62237425;102;31;"2012-06-25";1300.0;1
62237425;103;39;"2008-04-30";10.0;1
62237425;305;41;"2006-12-06";3.0;1
62237425;603;43;"2008-04-30";5.0;1
62237425;701;32;"2004-10-07";5.0;1
62237425;702;32;"2008-04-30";5.0;1
62237425;703;32;"2008-04-30";3.0;1
62237425;704;32;"2008-04-30";3.0;1
62237425;705;32;"2008-04-30";10.0;1
62237425;706;32;"2008-04-30";20.0;1
62237425;707;32;"2008-04-30";5.0;1
62237425;801;33;"2013-06-16";1500.0;1
62237425;802;33;"2012-06-25";1000.0;1
62237425;803;33;"2012-06-25";1000.0;1
62237425;804;33;"2008-04-30";5.0;1
62237425;805;33;"2012-06-25";1000.0;1
62237425;901;34;"2013-06-16";150.0;1
62237425;902;35;"2004-10-02";15.0;1
62237425;903;36;"2004-10-02";3.0;1
4866275;1001;33;"2010-09-13";0.0;1
4866275;1002;33;"2010-09-13";0.0;1
4866275;1003;33;"2010-09-13";0.0;1
4866275;1004;33;"2010-09-13";0.0;1
4866275;1005;33;"2010-09-13";0.0;1
4866275;1006;33;"2010-09-13";0.0;1
4866275;1007;33;"2010-09-13";0.0;1
4866275;1008;33;"2010-09-13";0.0;1
4866275;1009;33;"2010-09-13";0.0;1
4866275;1010;33;"2010-09-13";0.0;1
4866275;1011;33;"2010-09-13";0.0;1
4866275;1012;33;"2010-09-13";0.0;1
4866275;1014;33;"2010-09-13";0.0;1
4866275;1015;33;"2010-09-13";0.0;1
4866275;1016;33;"2010-09-13";0.0;1
4866275;1017;33;"2010-09-13";0.0;1
4866275;1018;33;"2010-09-13";0.0;1
4866275;1019;33;"2010-09-13";0.0;1
91884981;101;31;"2008-04-30";0.0;1
91884981;102;31;"2008-04-30";0.0;1
91884981;103;39;"1996-07-25";0.0;1
91884981;301;40;"1996-07-25";0.0;1
91884981;302;40;"2008-04-30";0.0;1
91884981;303;41;"2008-04-30";0.0;1
91884981;304;41;"2008-04-30";0.0;1
91884981;305;41;"2008-04-30";0.0;1
91884981;306;41;"2008-04-30";0.0;1
91884981;308;41;"2008-04-30";0.0;1
91884981;309;41;"2008-04-30";0.0;1
91884981;310;41;"1996-07-25";0.0;1
91884981;311;41;"1996-07-25";0.0;1
91884981;312;41;"2008-04-30";0.0;1
91884981;313;41;"2008-04-30";0.0;1
91884981;314;41;"2008-04-30";0.0;1
91884981;401;42;"1996-07-25";0.0;1
91884981;402;42;"2008-04-30";0.0;1
91884981;403;42;"2008-04-30";0.0;1
91884981;404;33;"1996-07-25";0.0;1
91884981;405;42;"2008-04-30";0.0;1
91884981;406;42;"2008-04-30";0.0;1
91884981;407;33;"1996-07-25";0.0;1
91884981;408;42;"2008-04-30";0.0;1
91884981;409;42;"2008-04-30";0.0;1
91884981;502;33;"2008-04-30";0.0;1
91884981;503;33;"1996-07-25";0.0;1
91884981;504;33;"2008-04-30";0.0;1
91884981;506;33;"2008-04-30";0.0;1
91884981;602;43;"1996-07-25";0.0;1
91884981;603;43;"1996-07-25";0.0;1
91884981;702;32;"1996-07-25";0.0;1
91884981;703;32;"1996-07-25";0.0;1
91884981;705;32;"2008-04-30";0.0;1
91884981;706;32;"2008-04-30";0.0;1
91884981;707;32;"2008-04-30";0.0;1
91884981;801;33;"2014-06-03";2500.0;1
91884981;802;33;"2008-04-30";5000.0;1
91884981;803;33;"2008-04-30";0.0;1
91884981;804;33;"2008-04-30";0.0;1
91884981;805;33;"2008-04-30";0.0;1
91884981;901;34;"2008-04-30";0.0;1
91884981;902;35;"1996-07-25";0.0;1
91884981;903;36;"1996-07-25";0.0;1
91884981;904;37;"1996-07-25";0.0;1
59118133;101;31;"2021-09-20";4000.0;1
59118133;102;31;"2021-09-20";2000.0;1
59118133;103;39;"2015-11-09";200.0;1
59118133;302;40;"2015-11-09";20.0;1
59118133;303;41;"2015-11-09";50.0;1
59118133;304;41;"2015-11-09";10.0;1
59118133;305;41;"2015-11-09";30.0;1
59118133;306;41;"2015-11-09";15.0;1
59118133;308;41;"2015-11-09";40.0;1
59118133;309;41;"2015-11-09";40.0;1
59118133;310;41;"2015-11-09";5.0;1
59118133;312;41;"2015-11-09";0.2;2
59118133;313;41;"2010-11-13";0.1;2
59118133;401;42;"2015-11-09";100.0;1
59118133;402;42;"2015-11-09";100.0;1
59118133;403;42;"2015-11-09";1000.0;1
59118133;404;33;"2015-11-09";250.0;1
59118133;405;42;"2021-09-20";5.0;2
59118133;406;42;"2021-09-20";4000.0;1
59118133;407;33;"2015-11-09";10.0;1
59118133;502;33;"2021-09-20";50.0;1
59118133;503;33;"2021-09-20";50.0;1
59118133;504;33;"2015-11-09";30.0;1
59118133;505;33;"1996-07-25";0.0;1
59118133;506;33;"2021-09-20";50.0;1
59118133;601;43;"2015-11-09";2.0;1
59118133;602;43;"2015-11-09";10.0;1
59118133;603;43;"2015-11-09";15.0;1
59118133;701;32;"2015-11-09";30.0;1
59118133;702;32;"2015-11-09";10.0;1
59118133;703;32;"2015-11-09";10.0;1
59118133;704;32;"2015-11-09";10.0;1
59118133;705;32;"2015-11-09";20.0;1
59118133;706;32;"2015-11-09";20.0;1
59118133;707;32;"2015-11-09";20.0;1
59118133;801;33;"2021-09-20";5.0;2
59118133;802;33;"2021-09-20";4000.0;1
59118133;803;33;"2021-09-20";5000.0;1
59118133;804;33;"2015-11-09";5.0;1
59118133;805;33;"2021-09-20";5.0;2
59118133;901;34;"2015-11-09";60.0;1
59118133;902;35;"2015-11-09";8.0;1
59118133;903;36;"2015-11-09";8.0;1
59118133;904;37;"2015-11-09";12.0;1
59118133;1001;33;"2021-09-20";500.0;1
59118133;1003;33;"2021-09-20";500.0;1
59118133;1004;33;"2015-11-09";500.0;1
59118133;1005;33;"2021-09-20";500.0;1
59118133;1006;33;"2021-09-20";500.0;1
59118133;1007;33;"2021-09-20";500.0;1
59118133;1008;33;"2015-11-09";500.0;1
59118133;1009;33;"2021-09-20";500.0;1
59118133;1010;33;"2021-09-20";500.0;1
59118133;1012;33;"2021-09-20";500.0;1
59118133;1013;33;"2021-09-20";1200.0;1
59118133;1014;33;"2021-09-20";1200.0;1
59118133;1015;33;"2021-09-20";1200.0;1
59118133;1016;33;"2021-09-20";500.0;1
59118133;1018;33;"2021-09-20";500.0;1
59118133;1019;33;"2021-09-20";1200.0;1
78632767;101;31;"2022-01-01";1000.0;1
78632767;102;31;"2022-01-01";1100.0;1
78632767;103;39;"2022-01-01";60.0;1
78632767;401;42;"2008-12-31";0.0;1
78632767;402;42;"2022-02-01";500.0;1
78632767;403;42;"2022-01-01";0.0;1
78632767;407;33;"2022-01-01";10.0;1
78632767;502;33;"2022-01-01";190.0;1
78632767;503;33;"2022-01-01";190.0;1
78632767;504;33;"2022-01-01";135.0;1
78632767;506;33;"2022-01-01";175.0;1
78632767;602;43;"2022-01-01";2000.0;1
78632767;603;43;"2022-01-01";20.0;1
78632767;701;32;"2022-01-01";16.0;1
78632767;702;32;"2022-01-01";16.0;1
78632767;703;32;"2022-01-01";16.0;1
78632767;704;32;"2022-01-01";17.0;1
78632767;705;32;"2022-01-01";29.9;1
78632767;706;32;"2022-01-01";20.0;1
78632767;707;32;"2022-01-01";20.0;1
78632767;801;33;"2022-01-01";5.0;2
78632767;802;33;"2022-01-01";10.0;2
78632767;803;33;"2022-01-01";300.0;1
78632767;804;33;"2022-01-01";6.0;1
78632767;805;33;"2022-01-01";2.0;2
78632767;901;34;"2022-01-01";20.0;1
78632767;903;36;"2022-01-01";5.0;1
78632767;1001;33;"2022-01-01";500.0;1
78632767;1002;33;"2022-01-01";500.0;1
78632767;1003;33;"2022-01-01";500.0;1
78632767;1004;33;"2022-01-01";1100.0;1
78632767;1005;33;"2022-01-01";470.0;1
78632767;1006;33;"2022-01-01";795.0;1
78632767;1007;33;"2022-01-01";350.0;1
78632767;1008;33;"2022-01-01";500.0;1
78632767;1009;33;"2022-01-01";470.0;1
78632767;1010;33;"2022-01-01";500.0;1
78632767;1011;33;"2022-01-01";500.0;1
78632767;1012;33;"2022-01-01";500.0;1
78632767;1013;33;"2022-01-01";8000.0;1
78632767;1014;33;"2022-01-01";8000.0;1
78632767;1015;33;"2022-01-01";8000.0;1
78632767;1016;33;"2022-01-01";790.0;1
78632767;1017;33;"2022-01-01";500.0;1
78632767;1018;33;"2022-01-01";500.0;1
78632767;1019;33;"2022-01-01";2900.0;1
61820817;101;31;"2012-06-06";900.0;1
61820817;102;31;"2014-05-02";600.0;1
61820817;103;39;"2015-07-24";15.0;1
61820817;302;40;"2008-04-28";12.0;1
61820817;303;41;"2005-01-29";25.0;1
61820817;304;41;"2008-04-28";2.5;1
61820817;305;41;"2008-04-28";2.0;1
61820817;306;41;"2001-04-20";12.0;1
61820817;308;41;"2001-04-20";20.0;1
61820817;309;41;"2001-04-20";20.0;1
61820817;312;41;"2008-04-28";100.0;2
61820817;313;41;"2008-04-28";100.0;2
61820817;401;42;"2008-04-28";0.0;1
61820817;402;42;"2014-05-02";500.0;1
61820817;403;42;"2013-10-07";500.0;1
61820817;404;33;"2012-06-06";50.0;1
61820817;405;42;"2015-07-24";10.0;2
61820817;406;42;"2015-07-24";10.0;2
61820817;407;33;"2008-04-28";2.5;1
61820817;408;42;"2008-04-28";1.0;1
61820817;409;42;"2008-04-28";1.0;1
61820817;502;33;"2019-06-13";45.0;1
61820817;503;33;"2019-06-13";45.0;1
61820817;504;33;"2008-04-28";0.0;1
61820817;506;33;"2019-06-13";45.0;1
61820817;602;43;"2008-04-28";30.0;1
61820817;603;43;"2008-04-11";7.0;1
61820817;701;32;"2019-01-09";20.0;1
61820817;702;32;"2018-05-30";11.0;1
61820817;703;32;"2018-05-30";11.0;1
61820817;704;32;"2018-05-30";22.0;1
61820817;705;32;"2018-05-30";22.0;1
61820817;706;32;"2018-05-30";22.0;1
61820817;707;32;"2018-05-30";22.0;1
61820817;801;33;"2015-07-24";10.0;2
61820817;802;33;"2015-06-24";3.0;2
61820817;803;33;"2015-08-10";5.0;2
61820817;804;33;"2014-05-02";3.0;1
61820817;805;33;"2015-07-24";15.0;2
61820817;901;34;"2014-05-02";15.0;1
61820817;902;35;"2014-05-02";5.0;1
61820817;903;36;"2014-05-02";5.0;1
61820817;904;37;"2008-04-28";0.0;1
61820817;1001;33;"2015-07-24";150.0;1
61820817;1003;33;"2015-07-24";150.0;1
61820817;1004;33;"2015-07-24";900.0;1
61820817;1005;33;"2015-07-24";150.0;1
61820817;1006;33;"2015-07-24";150.0;1
61820817;1007;33;"2015-07-24";150.0;1
61820817;1010;33;"2015-07-24";150.0;1
61820817;1012;33;"2015-07-24";150.0;1
61820817;1016;33;"2014-05-02";80.0;1
61820817;1018;33;"2007-02-16";50.0;1
795423;101;31;"2018-01-11";20000.0;1
795423;102;31;"2016-04-04";200.0;1
795423;103;39;"2016-04-04";50.0;1
795423;303;41;"2016-04-04";50.0;1
795423;401;42;"1996-09-13";0.0;1
795423;402;42;"2017-11-09";1000.0;1
795423;403;42;"2013-10-10";100.0;1
795423;404;33;"2016-04-04";50.0;1
795423;405;42;"2016-04-04";60.0;1
795423;406;42;"2016-04-04";60.0;1
795423;407;33;"2016-04-04";3.0;1
795423;502;33;"2015-05-07";40.0;1
795423;503;33;"2015-05-07";40.0;1
795423;504;33;"2015-05-07";40.0;1
795423;506;33;"2015-05-07";40.0;1
795423;602;43;"2016-04-04";5.0;1
795423;701;32;"2016-04-04";10.0;1
795423;702;32;"2005-08-01";6.0;1
795423;703;32;"1996-09-13";4.0;1
795423;704;32;"2016-04-04";5.0;1
795423;705;32;"2016-04-04";9.0;1
795423;706;32;"2016-04-04";9.0;1
795423;707;32;"1996-09-13";6.0;1
795423;801;33;"2015-07-09";15000.0;1
795423;802;33;"2015-07-09";15000.0;1
795423;803;33;"2016-04-04";2000.0;1
795423;804;33;"2015-05-07";2.0;1
795423;805;33;"2008-04-30";0.0;1
795423;901;34;"2016-04-04";6.0;1
795423;902;35;"2016-04-04";8.0;1
795423;903;36;"2016-04-04";8.0;1
795423;904;37;"2016-04-04";2.0;1
795423;905;38;"2005-05-01";3.0;1
11970623;101;31;"2021-09-01";49.0;1
11970623;102;31;"2021-09-01";49.0;1
11970623;103;39;"2021-09-01";6.59;1
11970623;201;44;"2020-12-13";15.9;1
11970623;401;42;"2021-09-01";49.9;1
11970623;404;33;"2021-09-01";99.9;1
11970623;501;45;"2020-12-13";7.9;1
11970623;502;33;"2021-09-01";9.9;1
11970623;503;33;"2021-09-01";9.9;1
11970623;506;33;"2020-12-13";8.9;1
11970623;601;43;"2021-09-01";2.9;1
11970623;602;43;"2021-09-01";2.9;1
11970623;603;43;"2021-09-01";2950.0;1
11970623;801;33;"2021-09-02";5500.0;1
11970623;802;33;"2021-09-01";1750.0;1
11970623;803;33;"2021-09-02";1000.0;1
11970623;901;34;"2021-09-01";4.9;1
7679404;101;31;"2021-11-10";0.0;1
7679404;102;31;"2009-10-02";0.0;1
7679404;103;39;"2021-11-10";0.0;1
7679404;401;42;"2021-11-10";0.0;1
7679404;402;42;"2019-12-09";100.0;1
7679404;403;42;"2009-06-14";30.0;1
7679404;405;42;"2019-12-09";10000.0;1
7679404;406;42;"2019-12-09";3000.0;1
7679404;506;33;"2021-11-10";9.9;1
7679404;601;43;"2021-11-10";0.0;1
7679404;602;43;"2021-11-10";0.0;1
7679404;701;32;"2018-06-14";15.0;1
7679404;702;32;"2018-06-14";15.0;1
7679404;703;32;"2018-06-14";15.0;1
7679404;704;32;"2009-06-14";5.0;1
7679404;705;32;"2009-06-14";5.0;1
7679404;706;32;"2009-06-14";6.5;1
7679404;707;32;"2009-06-14";3.0;1
7679404;801;33;"2019-12-09";95000.0;1
7679404;802;33;"2021-11-10";0.0;1
7679404;1001;33;"2012-07-01";800.0;1
7679404;1003;33;"2012-07-01";800.0;1
7679404;1005;33;"2012-07-01";800.0;1
7679404;1006;33;"2012-07-01";800.0;1
7679404;1007;33;"2012-07-01";500.0;1
7679404;1008;33;"2012-07-01";2000.0;1
7679404;1009;33;"2012-07-01";800.0;1
7679404;1010;33;"2021-11-10";400.0;1
7679404;1012;33;"2014-12-10";400.0;1
7679404;1016;33;"2012-07-01";800.0;1
7679404;1018;33;"2012-07-01";500.0;1
3215790;101;31;"2015-08-03";550.0;1
3215790;102;31;"2009-11-14";0.0;1
3215790;803;33;"2010-06-10";600.0;1
3215790;805;33;"2015-10-03";0.0;1
3215790;901;34;"2008-11-21";40.0;1
17351180;101;31;"2017-07-07";150.0;1
17351180;102;31;"2017-07-07";150.0;1
17351180;103;39;"2009-12-01";0.0;1
17351180;204;44;"2019-05-16";200.0;1
17351180;205;44;"2019-01-07";0.0;1
17351180;208;44;"2019-05-16";200.0;1
17351180;209;44;"2019-01-07";0.0;1
17351180;302;40;"1997-11-28";6.0;1
17351180;303;41;"1997-11-28";13.0;1
17351180;304;41;"1997-11-28";5.0;1
17351180;305;41;"2008-04-01";15.0;1
17351180;306;41;"1997-11-28";6.0;1
17351180;308;41;"1996-07-25";24.0;1
17351180;309;41;"2001-04-18";24.0;1
17351180;310;41;"2011-03-01";2.5;1
17351180;311;41;"1996-07-25";0.0;1
17351180;312;41;"2011-03-01";13.0;1
17351180;313;41;"2008-07-02";0.0;1
17351180;314;41;"2009-12-01";0.0;1
17351180;401;42;"2008-07-02";0.0;1
17351180;402;42;"2017-07-07";150.0;1
17351180;403;42;"2017-07-07";150.0;1
17351180;404;33;"2016-06-20";60.0;1
17351180;405;42;"2021-04-02";95000.0;1
17351180;406;42;"2021-04-02";95000.0;1
17351180;407;33;"1997-11-28";3.0;1
17351180;408;42;"2009-12-01";0.0;1
17351180;409;42;"2009-12-01";0.0;1
17351180;501;45;"2018-03-13";10.0;1
17351180;502;33;"2017-07-07";50.0;1
17351180;503;33;"2017-07-07";50.0;1
17351180;504;33;"1997-01-21";18.0;1
17351180;505;33;"1996-07-25";0.0;1
17351180;506;33;"2017-07-07";50.0;1
17351180;601;43;"2018-03-13";10.0;1
17351180;602;43;"2018-03-13";10.0;1
17351180;603;43;"2018-03-13";10.0;1
17351180;701;32;"2008-04-01";5.9;1
17351180;702;32;"2008-04-01";6.2;1
17351180;703;32;"2011-03-01";6.2;1
17351180;704;32;"2010-01-25";12.9;1
17351180;705;32;"2010-01-25";12.9;1
17351180;706;32;"2010-01-25";12.9;1
17351180;707;32;"2010-01-25";12.9;1
17351180;801;33;"2016-06-20";95000.0;1
17351180;802;33;"2021-04-02";15000.0;1
17351180;803;33;"2021-04-02";10000.0;1
17351180;804;33;"2014-01-01";6.2;1
17351180;805;33;"2010-01-25";3.0;2
17351180;901;34;"2001-05-25";5.0;1
17351180;902;35;"2001-05-25";10.0;1
17351180;903;36;"2008-04-01";10.0;1
17351180;904;37;"1996-07-25";0.0;1
17351180;905;38;"2016-06-20";4.0;1
17351180;906;38;"2016-06-20";2.2;1
57839805;101;31;"1996-07-25";0.0;1
57839805;102;31;"1996-07-25";0.0;1
57839805;103;39;"1996-07-25";0.0;1
57839805;303;41;"1997-02-28";20.0;1
57839805;305;41;"2001-07-02";0.0;1
57839805;312;41;"2014-06-06";0.11;2
57839805;502;33;"2020-01-14";15.0;1
57839805;503;33;"2020-01-13";15.0;1
57839805;506;33;"2020-01-13";15.0;1
57839805;701;32;"2001-07-02";3.0;1
57839805;704;32;"2018-07-05";6.0;1
57839805;705;32;"2015-01-13";16.0;1
57839805;706;32;"2015-01-13";16.0;1
57839805;707;32;"2001-07-02";6.0;1
57839805;801;33;"2013-01-29";10.0;2
57839805;802;33;"1996-07-25";0.0;1
57839805;803;33;"1996-07-25";0.0;1
57839805;804;33;"2001-07-02";0.0;1
57839805;805;33;"2007-07-03";100.0;2
57839805;901;34;"1997-02-28";15.0;1
57839805;902;35;"1996-07-25";0.0;1
57839805;903;36;"1996-07-25";0.0;1
57839805;904;37;"1996-07-25";0.0;1
9313766;101;31;"2017-08-21";10000.0;1
9313766;102;31;"2017-08-21";2000.0;1
9313766;103;39;"2011-08-11";100.0;1
9313766;401;42;"2021-10-20";0.0;1
9313766;402;42;"2021-10-20";20000.0;1
9313766;403;42;"2021-10-20";20000.0;1
9313766;502;33;"2021-10-15";100.0;1
9313766;503;33;"2021-10-15";100.0;1
9313766;506;33;"2021-10-15";100.0;1
9313766;702;32;"2011-01-01";150.0;1
9313766;801;33;"2017-04-04";2.0;2
9313766;802;33;"2017-04-04";2.0;2
9313766;803;33;"2011-08-11";2000.0;1
9313766;805;33;"2012-05-11";0.0;1
9313766;905;38;"2021-07-02";0.4;2
9313766;906;38;"2021-07-02";0.4;2
62331228;101;31;"2020-06-16";300.0;1
62331228;102;31;"2020-06-16";300.0;1
62331228;103;39;"1996-07-25";0.0;1
62331228;303;41;"2022-03-15";150.0;1
62331228;306;41;"2001-03-30";0.0;1
62331228;308;41;"1996-07-25";0.0;1
62331228;309;41;"1996-07-25";0.0;1
62331228;310;41;"1996-07-25";0.0;1
62331228;312;41;"2022-03-15";150.0;1
62331228;313;41;"2010-05-01";0.0;1
62331228;401;42;"2016-08-10";5000.0;1
62331228;402;42;"2019-10-01";500.0;1
62331228;403;42;"2019-10-01";500.0;1
62331228;404;33;"2016-08-17";50.0;1
62331228;405;42;"2022-06-24";2000.0;1
62331228;406;42;"2022-06-24";2000.0;1
62331228;502;33;"2016-08-10";25.0;1
62331228;503;33;"2016-08-10";25.0;1
62331228;506;33;"2016-08-10";25.0;1
62331228;602;43;"2018-10-08";100.0;1
62331228;603;43;"2016-08-10";10.0;1
62331228;702;32;"2010-03-25";8.5;1
62331228;703;32;"2010-03-25";6.0;1
62331228;704;32;"2010-03-25";6.5;1
62331228;705;32;"2020-06-16";30.0;1
62331228;706;32;"2020-06-16";30.0;1
62331228;707;32;"2020-06-16";30.0;1
62331228;801;33;"2016-08-10";1000.0;1
62331228;802;33;"2016-08-10";500.0;1
62331228;803;33;"2007-04-06";360.0;1
62331228;901;34;"2016-08-10";100.0;1
62331228;902;35;"2007-04-06";6.0;1
62331228;903;36;"2007-04-06";5.8;1
62331228;904;37;"2007-04-06";4.5;1
62331228;906;38;"1996-07-25";0.0;1
62331228;1001;33;"2020-06-30";600.0;1
62331228;1002;33;"2020-06-30";600.0;1
62331228;1003;33;"2020-06-30";600.0;1
62331228;1004;33;"2020-06-30";600.0;1
62331228;1005;33;"2020-06-30";600.0;1
62331228;1006;33;"2020-06-30";600.0;1
62331228;1007;33;"2020-06-30";600.0;1
62331228;1009;33;"2020-06-30";600.0;1
62331228;1010;33;"2020-06-30";600.0;1
62331228;1011;33;"2020-06-30";600.0;1
62331228;1012;33;"2020-06-30";600.0;1
62331228;1016;33;"2020-06-30";600.0;1
62331228;1017;33;"2020-06-30";600.0;1
62331228;1018;33;"2020-06-30";600.0;1
15581638;101;31;"2020-02-06";1800.0;1
15581638;102;31;"2014-05-17";0.0;1
15581638;103;39;"2014-10-14";200.0;1
15581638;303;41;"2014-10-14";25.0;1
15581638;802;33;"2014-10-14";500.0;1
15581638;803;33;"2014-10-14";1000.0;1
15581638;805;33;"2014-10-14";1000.0;1
15581638;901;34;"2014-10-14";300.0;1
411939;101;31;"2021-09-01";800.0;1
411939;102;31;"2021-09-01";800.0;1
411939;103;39;"2015-03-13";50.0;1
411939;201;44;"2010-05-22";0.0;1
411939;202;44;"2010-05-22";0.0;1
411939;203;44;"2010-05-22";0.0;1
411939;204;44;"2010-05-22";0.0;1
411939;205;44;"2010-05-22";0.0;1
411939;206;44;"2010-05-22";0.0;1
411939;207;44;"2010-05-22";0.0;1
411939;208;44;"2010-05-22";0.0;1
411939;209;44;"2010-05-22";0.0;1
411939;210;44;"2010-05-22";0.0;1
411939;211;44;"2010-05-22";0.0;1
411939;501;45;"2010-05-22";0.0;1
411939;502;33;"2010-05-22";0.0;1
411939;503;33;"2010-05-22";0.0;1
411939;504;33;"2010-05-22";0.0;1
411939;505;33;"2010-05-22";0.0;1
411939;506;33;"2010-05-22";0.0;1
411939;601;43;"2010-05-22";0.0;1
411939;602;43;"2010-05-22";0.0;1
411939;603;43;"2010-05-22";0.0;1
411939;701;32;"2015-03-13";5.0;1
411939;702;32;"2010-05-22";0.0;1
411939;703;32;"2015-03-13";5.0;1
411939;704;32;"2010-05-22";0.0;1
411939;705;32;"2016-02-01";50.0;1
411939;706;32;"2016-02-01";50.0;1
411939;707;32;"2010-05-22";0.0;1
411939;801;33;"2021-09-01";800.0;1
411939;802;33;"2019-08-03";600.0;1
411939;803;33;"2019-08-03";600.0;1
411939;804;33;"2016-02-01";15.0;1
411939;805;33;"2006-03-01";200.0;1
411939;901;34;"2006-03-01";50.0;1
411939;902;35;"1996-07-25";0.0;1
411939;903;36;"1996-07-25";0.0;1
411939;904;37;"2006-03-01";10.0;1
411939;905;38;"1996-07-25";0.0;1
411939;906;38;"1996-07-25";0.0;1
4230630;0;0;"";0.0;2
11271860;101;31;"2021-05-07";500.0;1
11271860;506;33;"2016-08-08";50.0;1
11271860;801;33;"2021-05-07";800.0;1
11271860;802;33;"2021-05-07";500.0;1
11271860;901;34;"2021-05-07";100.0;1
9464032;0;0;"";0.0;2
74828799;101;31;"2021-01-04";0.0;1
74828799;102;31;"2021-11-10";160.0;1
74828799;103;39;"2014-10-24";50.0;1
74828799;302;40;"2020-11-11";200.0;1
74828799;303;41;"2020-11-11";150.0;1
74828799;304;41;"2020-11-11";100.0;1
74828799;305;41;"2020-11-11";50.0;1
74828799;306;41;"2020-11-11";100.0;1
74828799;308;41;"2020-11-11";60.0;1
74828799;309;41;"2020-11-11";60.0;1
74828799;310;41;"2009-11-27";0.0;1
74828799;311;41;"2009-11-27";0.0;1
74828799;312;41;"2020-11-11";150.0;1
74828799;313;41;"2020-11-11";0.0;1
74828799;401;42;"2020-12-10";0.0;1
74828799;402;42;"2020-11-11";50.0;1
74828799;403;42;"2014-10-24";300.0;1
74828799;404;33;"2014-10-24";35.0;1
74828799;405;42;"2014-10-24";500.0;1
74828799;406;42;"2014-10-24";500.0;1
74828799;407;33;"2014-10-24";10.0;1
74828799;408;42;"2009-11-27";0.0;1
74828799;409;42;"2009-11-27";0.0;1
74828799;502;33;"2014-10-24";20.0;1
74828799;503;33;"2014-10-24";20.0;1
74828799;504;33;"2020-11-11";18.0;1
74828799;505;33;"2014-10-24";10.0;1
74828799;506;33;"2020-11-11";50.0;1
74828799;602;43;"2017-08-28";10.0;1
74828799;701;32;"2014-10-24";7.0;1
74828799;704;32;"2014-10-24";7.0;1
74828799;705;32;"2014-10-24";10.0;1
74828799;706;32;"2014-10-24";10.0;1
74828799;707;32;"2014-10-24";10.0;1
74828799;801;33;"2022-04-02";50000.0;1
74828799;802;33;"2022-05-01";50000.0;1
74828799;803;33;"2014-10-24";200.0;1
74828799;804;33;"2012-11-01";35.0;1
74828799;805;33;"2007-08-23";0.0;1
74828799;901;34;"2017-08-28";10.0;1
74828799;1001;33;"2020-11-11";750.0;1
74828799;1003;33;"2017-08-28";270.0;1
74828799;1004;33;"2017-08-28";270.0;1
74828799;1005;33;"2020-11-11";750.0;1
74828799;1006;33;"2020-11-11";750.0;1
74828799;1007;33;"2017-08-28";270.0;1
74828799;1008;33;"2017-08-28";270.0;1
74828799;1009;33;"2020-11-11";750.0;1
74828799;1010;33;"2017-08-28";270.0;1
74828799;1012;33;"2017-08-28";270.0;1
74828799;1013;33;"2020-11-11";1200.0;1
74828799;1014;33;"2020-11-11";1200.0;1
74828799;1015;33;"2020-11-11";1200.0;1
74828799;1016;33;"2014-10-25";500.0;1
74828799;1018;33;"2014-10-25";500.0;1
74828799;1019;33;"2020-11-11";1200.0;1
3311443;101;31;"2020-02-16";7.0;2
3311443;102;31;"2020-02-16";7.0;2
3311443;103;39;"2013-11-02";30.0;1
3311443;502;33;"2013-11-02";20.0;1
3311443;503;33;"2013-11-02";20.0;1
3311443;504;33;"2013-11-02";20.0;1
3311443;505;33;"2013-11-02";20.0;1
3311443;506;33;"2021-12-31";0.0;1
3311443;705;32;"2013-11-02";20.0;1
3311443;706;32;"2013-11-02";20.0;1
3311443;801;33;"2005-12-19";6.0;2
3311443;802;33;"2003-10-15";2.0;2
3311443;901;34;"2013-11-02";20.0;1
3311443;902;35;"2013-11-02";20.0;1
3311443;904;37;"2013-11-02";10.0;1
43180355;101;31;"1996-07-25";0.0;1
43180355;102;31;"1996-07-25";0.0;1
43180355;103;39;"1996-07-25";0.0;1
43180355;201;44;"2009-12-16";0.0;1
43180355;202;44;"2009-12-16";0.0;1
43180355;203;44;"2009-12-16";0.0;1
43180355;204;44;"2017-05-25";47.88;1
43180355;205;44;"2009-12-16";0.0;1
43180355;208;44;"2005-11-01";21.0;1
43180355;209;44;"2009-12-16";0.0;1
43180355;402;42;"2019-11-14";89.0;1
43180355;403;42;"2019-11-14";50.0;1
43180355;501;45;"2017-05-25";8.0;1
43180355;506;33;"2019-11-14";4.99;1
43180355;601;43;"2019-11-14";9.99;1
43180355;602;43;"2019-11-14";9.99;1
43180355;603;43;"2005-11-01";3.0;1
43180355;703;32;"2019-11-14";4.99;1
43180355;704;32;"2005-11-01";10.0;1
43180355;801;33;"1996-07-25";0.0;1
43180355;802;33;"1996-07-25";0.0;1
43180355;901;34;"2017-05-25";8.0;1
43180355;902;35;"1996-07-25";0.0;1
43180355;903;36;"1996-07-25";0.0;1
43180355;904;37;"1996-07-25";0.0;1
1800019;101;31;"2012-07-23";1000.0;1
1800019;102;31;"2012-07-23";1000.0;1
1800019;103;39;"2008-04-30";1000.0;1
1800019;313;41;"2008-04-30";2500.0;1
1800019;401;42;"2012-12-31";0.0;1
1800019;502;33;"2010-12-31";20.0;1
1800019;503;33;"2010-12-31";20.0;1
1800019;504;33;"2008-04-30";100.0;1
1800019;506;33;"2010-12-31";20.0;1
1800019;602;43;"2008-04-30";0.0;1
1800019;603;43;"2008-04-30";10.0;1
1800019;704;32;"1997-04-25";10.0;1
1800019;705;32;"1997-04-25";10.0;1
1800019;706;32;"1997-04-25";10.0;1
1800019;707;32;"1997-04-25";10.0;1
1800019;801;33;"2008-04-30";5.0;2
1800019;802;33;"1997-04-25";1000.0;1
1800019;803;33;"1997-04-25";1000.0;1
1800019;804;33;"1997-04-25";1000.0;1
1800019;805;33;"2008-04-30";6000.0;1
1800019;901;34;"1997-04-25";10.0;1
1800019;902;35;"1997-04-25";10.0;1
1800019;903;36;"1997-04-25";10.0;1
1800019;904;37;"2012-07-23";12.0;1
27351731;102;31;"2017-08-02";0.0;1
5503849;101;31;"2015-04-29";2500.0;1
5503849;102;31;"2015-04-29";2500.0;1
5503849;103;39;"2011-10-04";15.0;1
5503849;303;41;"2011-11-04";25.0;1
5503849;502;33;"2011-10-04";21.0;1
5503849;503;33;"2011-11-04";21.0;1
5503849;506;33;"2011-04-05";21.0;1
5503849;701;32;"2011-10-04";10.0;1
5503849;702;32;"2011-10-04";10.0;1
5503849;703;32;"2011-11-04";10.0;1
5503849;704;32;"2008-11-10";0.0;1
5503849;705;32;"2011-04-05";10.0;1
5503849;706;32;"2011-04-05";10.0;1
5503849;801;33;"2021-04-02";15.0;2
5503849;802;33;"2011-04-07";10.0;1
5503849;803;33;"2008-11-10";500.0;1
5503849;804;33;"2011-04-05";1.0;1
5503849;805;33;"2008-11-10";0.0;1
5503849;901;34;"2008-11-10";15.0;1
122327;101;31;"2008-04-10";10.0;2
122327;102;31;"2014-10-22";10.0;2
122327;103;39;"2014-10-22";100.0;1
122327;502;33;"2014-10-22";50.0;1
122327;503;33;"2014-10-22";50.0;1
122327;504;33;"2014-10-22";50.0;1
122327;505;33;"2014-10-22";50.0;1
122327;506;33;"2014-10-22";50.0;1
122327;701;32;"2014-10-22";50.0;1
122327;702;32;"2014-10-22";50.0;1
122327;704;32;"2014-10-22";50.0;1
122327;705;32;"2014-10-22";50.0;1
122327;706;32;"2014-10-22";50.0;1
122327;707;32;"2014-10-22";50.0;1
122327;801;33;"2014-10-22";10.0;2
122327;802;33;"2014-10-22";10.0;2
122327;803;33;"2014-10-22";10.0;2
122327;804;33;"2014-10-22";10.0;2
122327;805;33;"2007-07-24";10.0;2
122327;901;34;"2014-10-22";50.0;1
122327;902;35;"2014-10-22";50.0;1
122327;903;36;"2014-10-22";50.0;1
122327;904;37;"2014-10-22";50.0;1
122327;905;38;"2014-10-22";50.0;1
122327;906;38;"2014-10-22";50.0;1
7747410;101;31;"2017-04-03";200.0;1
3881423;101;31;"2017-08-22";10.0;2
3881423;102;31;"2017-11-10";10.0;2
3881423;103;39;"2008-05-09";0.0;1
3881423;801;33;"2013-08-30";1500.0;1
3881423;802;33;"2008-05-09";0.0;1
3881423;805;33;"2008-05-09";0.0;1
3881423;901;34;"2013-08-29";50.0;1
5192316;101;31;"2014-11-07";10.0;2
5192316;102;31;"2014-02-16";600.0;1
5192316;203;44;"2009-11-20";0.0;1
5192316;204;44;"2009-11-20";0.0;1
5192316;205;44;"2009-11-20";0.0;1
5192316;208;44;"2009-11-20";0.0;1
5192316;209;44;"2009-11-20";0.0;1
5192316;210;44;"2009-11-20";0.0;1
5192316;506;33;"2021-11-27";5.0;1
5192316;704;32;"2010-06-14";3.9;1
5192316;801;33;"2014-02-16";600.0;1
5192316;802;33;"2009-11-20";0.0;1
5192316;803;33;"2009-11-20";0.0;1
5192316;805;33;"2009-11-20";0.0;1
5192316;901;34;"2009-11-20";0.0;1
23862762;101;31;"2016-10-16";150.0;1
23862762;102;31;"2016-10-16";70.0;1
23862762;103;39;"2016-10-16";40.0;1
23862762;313;41;"2016-10-16";0.0;1
23862762;502;33;"2016-10-16";20.0;1
23862762;503;33;"2016-10-16";20.0;1
23862762;504;33;"2016-10-16";60.0;1
23862762;505;33;"2016-10-16";60.0;1
23862762;506;33;"2016-10-16";20.0;1
23862762;705;32;"2016-10-16";50.0;1
23862762;706;32;"2016-10-16";50.0;1
23862762;707;32;"2016-10-16";20.0;1
23862762;801;33;"2016-10-16";200.0;1
23862762;802;33;"2016-10-16";80.0;1
23862762;803;33;"2016-10-16";120.0;1
23862762;901;34;"2016-10-16";15.0;1
15173776;101;31;"2021-02-26";120.0;1
15173776;102;31;"2021-02-26";100.0;1
15173776;103;39;"2016-10-07";50.0;1
15173776;302;40;"2016-10-07";22.0;1
15173776;303;41;"2003-11-19";30.0;1
15173776;304;41;"2016-10-07";6.0;1
15173776;305;41;"2015-11-06";8.0;1
15173776;306;41;"2016-10-07";8.0;1
15173776;308;41;"2009-12-25";10.0;1
15173776;309;41;"2015-11-06";30.0;1
15173776;310;41;"2009-12-24";0.0;1
15173776;312;41;"2009-12-24";0.0;1
15173776;313;41;"2009-12-24";0.11;2
15173776;314;41;"2009-12-24";0.0;1
15173776;401;42;"1996-07-25";0.0;1
15173776;402;42;"2009-12-24";0.0;1
15173776;403;42;"2010-11-01";10.0;1
15173776;404;33;"2009-12-23";5.0;1
15173776;405;42;"2001-04-10";30.0;1
15173776;406;42;"2021-02-26";620.0;1
15173776;407;33;"2021-02-26";3.5;1
15173776;502;33;"2013-08-01";10.0;1
15173776;503;33;"1996-07-25";0.0;1
15173776;506;33;"2015-11-06";10.0;1
15173776;602;43;"2015-11-06";10.0;1
15173776;603;43;"2021-02-26";20.0;1
15173776;701;32;"2021-02-26";4.5;1
15173776;704;32;"2021-02-26";5.0;1
15173776;705;32;"2015-11-06";15.0;1
15173776;706;32;"2015-11-06";10.0;1
15173776;707;32;"2021-02-26";6.0;1
15173776;801;33;"2021-03-25";700.0;1
15173776;802;33;"2018-03-01";580.0;1
15173776;803;33;"1996-07-25";0.0;1
15173776;804;33;"2015-01-31";5.0;1
15173776;805;33;"2005-05-02";0.0;1
15173776;901;34;"2021-02-26";8.0;1
15173776;902;35;"1996-07-25";0.0;1
15173776;903;36;"1996-07-25";0.0;1
15173776;904;37;"1996-07-25";0.0;1
15173776;905;38;"1997-01-23";2.0;1
90731688;0;0;"";0.0;2
60518222;101;31;"2022-02-01";33.0;1
60518222;102;31;"2009-09-16";0.0;1
60518222;302;40;"2002-12-15";16.0;1
60518222;303;41;"1999-10-15";20.0;1
60518222;304;41;"1999-10-15";6.5;1
60518222;305;41;"1999-10-15";6.5;1
60518222;306;41;"1999-10-15";6.5;1
60518222;308;41;"1999-10-15";10.0;1
60518222;309;41;"1999-10-15";10.0;1
60518222;311;41;"2008-04-01";0.0;1
60518222;312;41;"2002-11-15";0.1;2
60518222;313;41;"2002-11-15";0.1;2
60518222;401;42;"2022-02-01";22.0;1
60518222;402;42;"2022-04-02";50.0;1
60518222;403;42;"2022-02-01";200.0;1
60518222;404;33;"2022-02-01";40.0;1
60518222;405;42;"1996-07-25";0.0;1
60518222;406;42;"1996-07-25";0.0;1
60518222;407;33;"1999-10-15";2.5;1
60518222;502;33;"1999-10-15";20.0;1
60518222;503;33;"2001-04-09";20.0;1
60518222;504;33;"1999-10-15";20.0;1
60518222;506;33;"2022-04-02";22.0;1
60518222;602;43;"1999-10-15";4.0;1
60518222;702;32;"2004-07-07";6.0;1
60518222;704;32;"2004-07-07";6.0;1
60518222;705;32;"2022-02-01";10.0;1
60518222;706;32;"2022-02-01";16.5;1
60518222;707;32;"2022-02-01";6.5;1
60518222;801;33;"2022-02-01";400.0;1
60518222;802;33;"1996-07-25";0.0;1
60518222;803;33;"2022-02-01";200.0;1
60518222;805;33;"2008-06-01";0.0;1
60518222;901;34;"2022-02-01";10.0;1
60518222;902;35;"1996-07-25";0.0;1
60518222;903;36;"1996-07-25";0.0;1
60518222;904;37;"1996-07-25";0.0;1
60518222;1001;33;"2022-02-01";300.0;1
60518222;1003;33;"2022-02-01";225.0;1
60518222;1004;33;"2022-02-01";200.0;1
60518222;1005;33;"2004-09-20";90.0;1
60518222;1006;33;"2022-02-01";300.0;1
60518222;1007;33;"2022-02-01";225.0;1
60518222;1008;33;"2004-09-20";810.0;1
60518222;1009;33;"2004-09-20";90.0;1
60518222;1010;33;"2022-02-01";420.0;1
60518222;1012;33;"2022-02-01";212.0;1
60518222;1013;33;"2022-02-01";1700.0;1
60518222;1014;33;"2022-02-01";1300.0;1
60518222;1015;33;"2004-09-20";60.0;1
60518222;1016;33;"2022-02-01";375.0;1
60518222;1018;33;"2022-02-01";250.0;1
60518222;1019;33;"2022-02-01";990.0;1
20443996;101;31;"2020-10-02";10000.0;1
20443996;102;31;"2015-05-08";0.0;1
20443996;103;39;"2015-06-24";0.0;1
20443996;801;33;"2022-01-04";10000.0;1
20443996;802;33;"2015-06-24";500.0;1
20443996;803;33;"2015-06-24";1000.0;1
20443996;805;33;"2015-05-08";0.0;1
20443996;901;34;"2015-05-08";100.0;1
20443996;902;35;"2015-05-08";0.0;1
20443996;903;36;"2015-05-08";0.0;1
20443996;904;37;"2015-05-08";0.0;1
20443996;905;38;"2015-05-08";0.0;1
20443996;906;38;"2015-05-08";0.0;1
36583700;101;31;"2020-11-03";1500.0;1
36583700;102;31;"2020-11-03";1500.0;1
36583700;103;39;"2020-11-03";1500.0;1
36583700;802;33;"2020-11-03";1000.0;1
36583700;901;34;"2020-11-03";15.0;1
4379829;101;31;"2010-04-28";1000.0;1
4379829;502;33;"2008-04-30";10.0;1
4379829;506;33;"2012-07-03";10.0;1
4379829;802;33;"2008-04-30";1000.0;1
4379829;805;33;"2005-04-14";0.0;1
4379829;901;34;"2001-05-28";5.0;1
33132044;101;31;"2008-04-01";250.0;1
33132044;102;31;"2008-04-01";200.0;1
33132044;103;39;"1997-01-24";45.0;1
33132044;301;40;"2008-04-01";10.0;1
33132044;302;40;"2008-04-01";20.0;1
33132044;303;41;"2008-04-01";20.0;1
33132044;304;41;"2008-04-01";20.0;1
33132044;305;41;"2008-04-01";20.0;1
33132044;306;41;"2008-04-01";25.0;1
33132044;308;41;"2008-04-01";25.0;1
33132044;309;41;"2008-04-01";25.0;1
33132044;310;41;"2008-04-01";1.0;1
33132044;311;41;"2008-04-01";20.0;1
33132044;312;41;"2008-04-01";20.0;1
33132044;313;41;"2003-05-09";0.1;2
33132044;314;41;"2008-04-01";0.1;2
33132044;401;42;"2008-04-01";75.0;1
33132044;402;42;"2008-04-01";30.0;1
33132044;403;42;"2008-04-01";0.0;1
33132044;404;33;"2008-04-01";50.0;1
33132044;405;42;"2008-04-01";75.0;1
33132044;406;42;"2008-04-01";75.0;1
33132044;407;33;"2008-04-01";5.0;1
33132044;502;33;"2008-04-01";20.0;1
33132044;503;33;"2008-04-01";20.0;1
33132044;504;33;"2008-04-01";50.0;1
33132044;506;33;"2008-04-01";20.0;1
33132044;602;43;"2008-04-01";5.0;1
33132044;603;43;"2008-04-01";15.0;1
33132044;701;32;"2008-04-01";5.0;1
33132044;702;32;"2008-04-01";5.0;1
33132044;703;32;"2008-04-01";4.0;1
33132044;704;32;"2008-04-01";2.0;1
33132044;705;32;"2008-04-01";90.0;1
33132044;706;32;"2008-04-01";35.0;1
33132044;707;32;"2008-04-01";5.0;1
33132044;801;33;"2008-04-01";250.0;1
33132044;802;33;"2008-04-01";0.0;1
33132044;803;33;"2008-04-01";50.0;1
33132044;804;33;"2008-04-01";2.0;1
33132044;805;33;"2008-04-01";0.0;1
33132044;901;34;"2008-04-01";5.0;1
33132044;902;35;"2008-04-01";0.0;1
33132044;903;36;"2008-04-01";0.0;1
33132044;904;37;"2008-04-01";0.0;1
33132044;906;38;"2008-04-01";10.0;1
33042151;101;31;"2017-08-17";200.0;1
33042151;102;31;"2017-08-17";200.0;1
33042151;103;39;"1996-07-25";0.0;1
33042151;301;40;"2017-08-17";10.0;1
33042151;302;40;"2017-08-17";20.0;1
33042151;303;41;"2015-01-08";30.0;1
33042151;304;41;"2017-08-17";15.0;1
33042151;305;41;"2014-03-11";30.0;1
33042151;306;41;"2014-03-11";30.0;1
33042151;308;41;"2015-01-08";40.0;1
33042151;309;41;"2017-08-17";100.0;1
33042151;310;41;"1996-07-25";0.0;1
33042151;311;41;"1996-07-25";0.0;1
33042151;312;41;"2009-12-14";0.0;1
33042151;313;41;"2004-08-01";10.0;1
33042151;314;41;"2004-08-01";10.0;1
33042151;401;42;"2004-07-01";30.0;1
33042151;402;42;"2017-08-17";30.0;1
33042151;403;42;"2014-03-11";100.0;1
33042151;404;33;"2005-04-15";15.0;2
33042151;405;42;"2017-08-17";30.0;1
33042151;406;42;"2017-08-17";60.0;1
33042151;407;33;"2017-08-17";10.0;1
33042151;505;33;"1996-07-25";0.0;1
33042151;506;33;"2017-08-17";20.0;1
33042151;603;43;"2017-08-17";10.0;1
33042151;701;32;"2017-08-17";10.0;1
33042151;702;32;"2017-08-17";10.0;1
33042151;703;32;"2017-08-17";10.0;1
33042151;704;32;"2004-07-01";0.0;1
33042151;705;32;"2017-08-17";10.0;1
33042151;706;32;"2017-08-17";10.0;1
33042151;707;32;"2017-08-17";10.0;1
33042151;801;33;"2004-07-01";0.0;1
33042151;802;33;"2004-07-01";0.0;1
33042151;803;33;"2004-07-01";0.0;1
33042151;804;33;"2015-01-08";0.0;1
33042151;805;33;"2005-04-15";200.0;1
33042151;901;34;"2017-09-17";10.0;1
33042151;1001;33;"2017-11-10";96.0;1
33042151;1003;33;"2017-11-10";0.12;2
33042151;1004;33;"2017-11-10";0.12;2
33042151;1005;33;"2017-11-10";0.0;1
33042151;1006;33;"2017-11-10";96.0;1
33042151;1007;33;"2017-11-10";0.2;2
33042151;1008;33;"2017-11-10";160.0;1
33042151;1009;33;"2017-11-10";0.0;1
33042151;1010;33;"2017-11-10";96.0;1
33042151;1012;33;"2017-11-10";0.3;2
33042151;1013;33;"2004-07-01";500.0;1
33042151;1014;33;"2004-07-01";500.0;1
33042151;1016;33;"2017-11-10";96.0;1
33042151;1018;33;"2017-11-10";0.3;2
33042151;1019;33;"2009-12-24";250.0;1
53518684;101;31;"2021-10-21";40.0;1
53518684;102;31;"2021-10-21";40.0;1
53518684;402;42;"2021-10-21";50.0;1
53518684;403;42;"2021-10-21";40.0;1
53518684;502;33;"2021-10-21";15.0;1
53518684;503;33;"2021-10-21";15.0;1
53518684;504;33;"2017-02-04";0.0;1
53518684;506;33;"2021-10-21";20.0;1
53518684;602;43;"2021-10-21";100.0;1
53518684;701;32;"2021-10-21";10.0;1
53518684;704;32;"2021-10-21";7.0;1
53518684;801;33;"2017-02-04";0.0;1
53518684;803;33;"2017-02-04";0.0;1
53518684;901;34;"2017-02-04";0.0;1
53518684;1001;33;"2022-01-04";1000.0;1
53518684;1002;33;"2022-01-04";1000.0;1
53518684;1003;33;"2022-01-04";1000.0;1
53518684;1004;33;"2022-01-04";99999.99;1
53518684;1005;33;"2022-01-04";1000.0;1
53518684;1006;33;"2022-01-04";1000.0;1
53518684;1007;33;"2022-01-04";1000.0;1
53518684;1008;33;"2022-01-04";100.0;2
53518684;1009;33;"2022-01-04";1000.0;1
53518684;1010;33;"2022-01-04";1000.0;1
53518684;1011;33;"2022-01-04";1000.0;1
53518684;1012;33;"2022-01-04";1000.0;1
53518684;1013;33;"2022-01-04";5000.0;1
53518684;1014;33;"2022-01-04";5000.0;1
53518684;1015;33;"2022-01-04";5000.0;1
45283173;102;31;"2021-12-31";0.0;1
45283173;103;39;"2021-12-31";0.0;1
11285104;101;31;"2013-10-26";2000.0;1
11285104;102;31;"2018-01-16";1000.0;1
11285104;103;39;"2018-01-16";500.0;1
11285104;303;41;"2015-10-30";500.0;1
11285104;305;41;"2018-01-16";100.0;1
11285104;306;41;"2013-10-26";100.0;1
11285104;308;41;"2018-01-16";100.0;1
11285104;309;41;"2018-01-16";100.0;1
11285104;310;41;"2018-01-16";100.0;1
11285104;311;41;"2018-01-16";100.0;1
11285104;501;45;"2010-01-30";0.0;1
11285104;502;33;"2018-01-16";100.0;1
11285104;503;33;"2018-01-16";100.0;1
11285104;504;33;"2018-01-16";200.0;1
11285104;505;33;"2010-01-30";0.0;1
11285104;506;33;"2018-01-16";100.0;1
11285104;603;43;"2018-01-16";100.0;1
11285104;701;32;"2013-10-26";1000.0;1
11285104;702;32;"2018-01-16";300.0;1
11285104;703;32;"2018-01-16";100.0;1
11285104;704;32;"2013-10-26";1000.0;1
11285104;705;32;"2013-10-26";1000.0;1
11285104;706;32;"2018-01-16";500.0;1
11285104;707;32;"2015-10-30";300.0;1
11285104;801;33;"2013-10-26";80000.0;1
11285104;802;33;"2013-10-26";25000.0;1
11285104;803;33;"2018-01-16";25000.0;1
11285104;804;33;"2013-10-26";500.0;1
11285104;805;33;"2013-10-26";2000.0;1
11285104;901;34;"2013-10-26";250.0;1
11285104;902;35;"2013-10-26";300.0;1
11285104;903;36;"2013-10-26";300.0;1
11285104;904;37;"2013-10-26";300.0;1
11285104;905;38;"2010-01-30";0.0;1
11285104;906;38;"2010-01-30";0.0;1
12865507;101;31;"2016-07-11";1000.0;1
12865507;102;31;"2016-12-12";1000.0;1
12865507;103;39;"2017-12-13";150.0;1
12865507;405;42;"2016-12-13";5.0;2
12865507;406;42;"2016-12-13";5.0;2
12865507;504;33;"2001-06-22";0.0;1
12865507;506;33;"2016-12-12";50.0;1
12865507;601;43;"2001-06-22";0.0;1
12865507;602;43;"2001-06-22";0.0;1
12865507;603;43;"2017-12-13";35.0;1
12865507;701;32;"2016-12-12";50.0;1
12865507;702;32;"2016-12-12";50.0;1
12865507;703;32;"2016-12-13";50.0;1
12865507;704;32;"2016-12-12";50.0;1
12865507;705;32;"2009-09-01";20.0;1
12865507;706;32;"2016-12-12";50.0;1
12865507;707;32;"2016-12-12";50.0;1
12865507;801;33;"2016-07-11";5.0;2
12865507;802;33;"2016-07-11";5.0;2
12865507;803;33;"2017-09-21";99000.0;1
12865507;804;33;"2016-07-11";10.0;1
12865507;805;33;"2013-03-07";20.0;2
12865507;901;34;"2017-12-15";35.0;1
12865507;902;35;"2016-12-15";0.0;1
12865507;903;36;"2016-12-15";0.0;1
12865507;904;37;"2011-06-27";20.0;1
12865507;905;38;"2001-06-22";0.0;1
12865507;906;38;"2001-06-22";0.0;1
17453575;101;31;"2013-08-30";50.0;1
17453575;102;31;"2013-08-30";50.0;1
17453575;103;39;"2013-08-30";25.0;1
17453575;401;42;"2018-07-01";0.0;1
17453575;402;42;"2013-08-30";20.0;1
17453575;403;42;"2013-08-30";20.0;1
17453575;407;33;"2020-07-02";25.0;1
17453575;502;33;"2013-08-30";15.0;1
17453575;503;33;"2013-08-30";15.0;1
17453575;504;33;"2013-08-30";30.0;1
17453575;506;33;"2013-08-30";15.0;1
17453575;602;43;"2018-07-01";10.0;1
17453575;701;32;"2018-10-01";10.0;1
17453575;703;32;"2018-10-01";10.0;1
17453575;801;33;"2013-08-30";500.0;1
17453575;802;33;"2013-08-30";50.0;1
17453575;803;33;"2013-08-30";100.0;1
17453575;805;33;"2013-08-30";1000.0;1
17453575;901;34;"2013-08-30";6.0;1
17453575;1001;33;"2018-07-01";200.0;1
17453575;1004;33;"2018-07-01";200.0;1
17453575;1006;33;"2018-07-01";200.0;1
17453575;1007;33;"2020-01-02";250.0;1
17453575;1010;33;"2018-07-01";200.0;1
17453575;1013;33;"2018-07-01";2000.0;1
17453575;1014;33;"2018-07-01";200.0;1
17453575;1016;33;"2021-05-31";200.0;1
17453575;1018;33;"2020-01-02";250.0;1
17453575;1019;33;"2020-07-02";200.0;1
41498340;101;31;"2021-07-02";5.0;2
41498340;102;31;"2021-07-02";0.0;1
41498340;103;39;"2021-07-02";2.0;2
41498340;701;32;"2021-07-02";0.0;1
41498340;702;32;"2021-07-02";0.0;1
41498340;703;32;"2021-07-02";0.0;1
41498340;704;32;"2021-07-02";0.0;1
41498340;705;32;"2021-07-02";0.0;1
41498340;706;32;"2021-07-02";0.0;1
41498340;707;32;"2021-07-02";0.0;1
41498340;801;33;"2021-07-02";5.0;2
41498340;802;33;"2021-07-02";0.0;1
41498340;803;33;"2021-07-02";0.0;1
41498340;804;33;"2021-07-02";0.0;1
41498340;805;33;"2021-07-02";0.0;1
41498340;901;34;"2021-07-02";0.0;1
41498340;902;35;"2021-07-02";0.0;1
41498340;903;36;"2021-07-02";0.0;1
41498340;904;37;"2021-07-02";0.0;1
41498340;905;38;"2021-07-02";0.0;1
41498340;906;38;"2021-07-02";0.0;1
9473806;101;31;"2010-04-01";1000.0;1
9473806;102;31;"2010-04-01";1000.0;1
9473806;103;39;"2010-04-01";0.0;1
9473806;704;32;"2009-12-09";1000.0;1
9473806;801;33;"2009-12-09";500.0;1
13140088;0;0;"";0.0;2
19540550;0;0;"";0.0;2
31880826;101;31;"2019-03-06";2000.0;1
31880826;102;31;"2019-03-06";1000.0;1
31880826;103;39;"1996-07-25";0.0;1
31880826;303;41;"2019-03-06";2000.0;1
31880826;401;42;"2019-03-06";300.0;1
31880826;402;42;"2019-03-06";5000.0;1
31880826;403;42;"2019-03-06";10000.0;1
31880826;404;33;"2019-03-06";10000.0;1
31880826;405;42;"2019-03-06";10000.0;1
31880826;406;42;"2019-03-06";10000.0;1
31880826;407;33;"2008-04-28";0.0;1
31880826;408;42;"2008-04-28";0.0;1
31880826;502;33;"2019-03-06";500.0;1
31880826;503;33;"2019-03-06";500.0;1
31880826;504;33;"2008-04-28";0.0;1
31880826;506;33;"2019-03-06";300.0;1
31880826;601;43;"2008-04-28";0.0;1
31880826;602;43;"2015-04-06";30.0;1
31880826;603;43;"2015-04-06";30.0;1
31880826;701;32;"2019-03-06";100.0;1
31880826;702;32;"2019-03-06";100.0;1
31880826;703;32;"2019-03-06";100.0;1
31880826;704;32;"2019-03-06";100.0;1
31880826;705;32;"2019-03-06";150.0;1
31880826;706;32;"2019-03-06";100.0;1
31880826;707;32;"2019-03-06";100.0;1
31880826;801;33;"2021-08-07";5.0;2
31880826;802;33;"2019-03-06";10.0;2
31880826;803;33;"2019-03-06";10000.0;1
31880826;804;33;"2019-03-06";50.0;1
31880826;805;33;"2019-03-06";20.0;2
31880826;901;34;"2015-06-06";100.0;1
31880826;902;35;"1996-07-25";0.0;1
31880826;903;36;"1996-07-25";0.0;1
31880826;904;37;"2008-04-28";0.0;1
31880826;905;38;"2015-04-06";5.0;1
31880826;906;38;"2015-04-06";10.0;1
31880826;1001;33;"2008-04-28";0.0;1
31880826;1002;33;"2008-04-28";0.0;1
31880826;1003;33;"2008-04-28";0.0;1
31880826;1004;33;"2008-04-28";0.0;1
31880826;1005;33;"2008-04-28";0.0;1
31880826;1006;33;"2008-04-28";0.0;1
31880826;1007;33;"2008-04-28";0.0;1
31880826;1008;33;"2008-04-28";0.0;1
31880826;1009;33;"2008-04-28";0.0;1
31880826;1010;33;"2008-04-28";0.0;1
31880826;1011;33;"2008-04-28";0.0;1
31880826;1012;33;"2008-04-28";0.0;1
31880826;1013;33;"2008-04-28";0.0;1
31880826;1014;33;"2008-04-28";0.0;1
31880826;1015;33;"2008-04-28";0.0;1
23903068;101;31;"2022-04-19";2200.0;1
23903068;801;33;"2022-04-19";2200.0;1
23903068;802;33;"2022-04-19";800.0;1
23903068;803;33;"2016-09-30";800.0;1
23903068;805;33;"2016-09-30";0.0;1
1023570;101;31;"2008-04-08";0.0;1
1023570;102;31;"2008-04-08";0.0;1
1023570;103;39;"2008-04-30";0.0;1
1023570;401;42;"1996-07-25";0.0;1
1023570;402;42;"2008-04-30";0.0;1
1023570;403;42;"2008-04-30";0.0;1
1023570;405;42;"1996-07-25";0.0;1
1023570;407;33;"1996-07-25";0.0;1
1023570;501;45;"1996-07-25";0.0;1
1023570;502;33;"1996-07-25";0.0;1
1023570;503;33;"1996-07-25";0.0;1
1023570;504;33;"1996-07-25";0.0;1
1023570;505;33;"1996-07-25";0.0;1
1023570;506;33;"2008-04-08";0.0;1
1023570;601;43;"1996-07-25";0.0;1
1023570;602;43;"2008-04-08";0.0;1
1023570;603;43;"2008-04-30";0.0;1
1023570;701;32;"1996-07-25";0.0;1
1023570;702;32;"1996-07-25";0.0;1
1023570;704;32;"2008-04-30";0.0;1
1023570;705;32;"2008-04-30";0.0;1
1023570;706;32;"2008-04-30";0.0;1
1023570;707;32;"2008-04-30";0.0;1
1023570;801;33;"2008-04-30";0.0;1
1023570;802;33;"2008-04-30";0.0;1
1023570;803;33;"2022-03-07";5000.0;1
1023570;804;33;"2008-04-30";0.0;1
1023570;805;33;"2008-04-30";0.0;1
1023570;901;34;"2013-07-02";200.0;1
1023570;902;35;"2008-04-30";0.0;1
1023570;903;36;"2008-04-30";0.0;1
1023570;904;37;"1996-07-25";0.0;1
1023570;905;38;"1996-07-25";0.0;1
1023570;906;38;"1996-07-25";0.0;1
1023570;1001;33;"2010-05-14";500.0;1
1023570;1002;33;"2008-04-30";0.0;1
1023570;1003;33;"2013-07-08";200.0;1
1023570;1004;33;"2015-08-28";2000.0;1
1023570;1005;33;"2008-04-30";0.0;1
1023570;1006;33;"2008-11-17";500.0;1
1023570;1007;33;"2008-11-17";200.0;1
1023570;1008;33;"2008-04-30";0.0;1
1023570;1009;33;"2015-08-28";2000.0;1
1023570;1010;33;"2013-07-02";500.0;1
1023570;1011;33;"2008-04-30";0.0;1
1023570;1012;33;"2013-07-08";200.0;1
1023570;1013;33;"2008-04-30";0.0;1
1023570;1014;33;"2008-04-30";0.0;1
1023570;1015;33;"2008-04-30";0.0;1
1023570;1016;33;"2013-07-02";500.0;1
1023570;1017;33;"2008-04-30";0.0;1
1023570;1018;33;"2013-07-02";200.0;1
1023570;1019;33;"2008-04-30";0.0;1
517645;101;31;"2016-05-12";2500.0;1
517645;102;31;"2008-04-30";500.0;1
517645;103;39;"2016-05-12";500.0;1
517645;204;44;"2000-03-20";0.0;1
517645;205;44;"2008-03-31";0.0;1
517645;206;44;"2000-03-20";0.0;1
517645;207;44;"2008-03-31";0.0;1
517645;208;44;"2008-03-31";0.0;1
517645;209;44;"2008-03-31";0.0;1
517645;210;44;"2008-03-31";0.0;1
517645;211;44;"2008-03-31";0.0;1
517645;301;40;"2000-03-20";0.0;1
517645;302;40;"2000-03-20";0.0;1
517645;303;41;"2016-05-12";1000.0;1
517645;304;41;"2016-05-12";0.0;1
517645;305;41;"2000-03-20";0.0;1
517645;306;41;"2000-03-20";0.0;1
517645;308;41;"2000-03-20";0.0;1
517645;309;41;"2000-03-20";0.0;1
517645;310;41;"2000-03-20";0.0;1
517645;311;41;"2000-03-20";0.0;1
517645;312;41;"2003-02-05";0.16;2
517645;401;42;"2016-05-12";100.0;1
517645;402;42;"2016-05-12";500.0;1
517645;403;42;"2016-05-12";500.0;1
517645;404;33;"2016-05-12";300.0;1
517645;405;42;"2016-05-12";2500.0;1
517645;406;42;"2016-05-12";2500.0;1
517645;407;33;"2016-05-12";30.0;1
517645;408;42;"2008-03-31";0.0;1
517645;409;42;"2008-03-31";0.0;1
517645;502;33;"2016-05-12";100.0;1
517645;503;33;"2016-05-12";100.0;1
517645;504;33;"2000-03-20";0.0;1
517645;505;33;"2000-03-20";0.0;1
517645;506;33;"2016-05-12";100.0;1
517645;602;43;"2016-05-12";50.0;1
517645;603;43;"2016-05-12";50.0;1
517645;701;32;"2016-05-12";50.0;1
517645;702;32;"2016-05-12";50.0;1
517645;703;32;"2016-05-12";0.0;1
517645;704;32;"2016-05-12";0.0;1
517645;705;32;"2016-05-12";100.0;1
517645;706;32;"2016-05-12";50.0;1
517645;707;32;"2016-05-12";50.0;1
517645;801;33;"2019-05-07";1000.0;1
517645;802;33;"2016-05-12";10000.0;1
517645;803;33;"2016-05-12";5000.0;1
517645;804;33;"2016-05-12";100.0;1
517645;805;33;"2012-12-21";5.0;2
517645;901;34;"2016-05-12";100.0;1
517645;902;35;"2016-05-12";0.0;1
517645;903;36;"2016-05-12";0.0;1
517645;904;37;"2016-05-12";100.0;1
517645;905;38;"2016-05-12";25.0;1
517645;906;38;"2016-05-12";25.0;1
13370835;0;0;"";0.0;2
37122487;101;31;"2021-08-30";300.0;1
13935893;0;0;"";0.0;2
1027058;0;0;"";0.0;2
62895230;0;0;"";0.0;2
21018182;0;0;"";0.0;2
39321657;0;0;"";0.0;2
13203354;0;0;"";0.0;2
2732968;0;0;"";0.0;2
6339468;801;33;"2007-02-10";15.0;1
13884775;0;0;"";0.0;2
15111975;0;0;"";0.0;2
20855875;0;0;"";0.0;2
10878448;0;0;"";0.0;2
65697260;0;0;"";0.0;2
1722480;0;0;"";0.0;2
